zipcode,year,day,month
90732,2023,1,1
90732,2023,1,2
90732,2023,1,3
90732,2023,1,4
90732,2023,1,5
90732,2023,1,6
90732,2023,1,7
90732,2023,1,8
90732,2023,1,9
90732,2023,1,10
90732,2023,1,11
90732,2023,1,12
90732,2024,1,1
90732,2024,1,2
90732,2024,1,3
90732,2024,1,4
90732,2024,1,5
90732,2024,1,6
90732,2024,1,7
90732,2024,1,8
90732,2024,1,9
90732,2024,1,10
90732,2024,1,11
90732,2024,1,12
90732,2025,1,1
90732,2025,1,2
90732,2025,1,3
90732,2025,1,4
90732,2025,1,5
90732,2025,1,6
90732,2025,1,7
90732,2025,1,8
90732,2025,1,9
90732,2025,1,10
90732,2025,1,11
90732,2025,1,12
90732,2026,1,1
90732,2026,1,2
90732,2026,1,3
90732,2026,1,4
90732,2026,1,5
90732,2026,1,6
90732,2026,1,7
90732,2026,1,8
90732,2026,1,9
90732,2026,1,10
90732,2026,1,11
90732,2026,1,12
90732,2027,1,1
90732,2027,1,2
90732,2027,1,3
90732,2027,1,4
90732,2027,1,5
90732,2027,1,6
90732,2027,1,7
90732,2027,1,8
90732,2027,1,9
90732,2027,1,10
90732,2027,1,11
90732,2027,1,12
90732,2028,1,1
90732,2028,1,2
90732,2028,1,3
90732,2028,1,4
90732,2028,1,5
90732,2028,1,6
90732,2028,1,7
90732,2028,1,8
90732,2028,1,9
90732,2028,1,10
90732,2028,1,11
90732,2028,1,12
90732,2029,1,1
90732,2029,1,2
90732,2029,1,3
90732,2029,1,4
90732,2029,1,5
90732,2029,1,6
90732,2029,1,7
90732,2029,1,8
90732,2029,1,9
90732,2029,1,10
90732,2029,1,11
90732,2029,1,12
90732,2030,1,1
90732,2030,1,2
90732,2030,1,3
90732,2030,1,4
90732,2030,1,5
90732,2030,1,6
90732,2030,1,7
90732,2030,1,8
90732,2030,1,9
90732,2030,1,10
90732,2030,1,11
90732,2030,1,12
90732,2031,1,1
90732,2031,1,2
90732,2031,1,3
90732,2031,1,4
90732,2031,1,5
90732,2031,1,6
90732,2031,1,7
90732,2031,1,8
90732,2031,1,9
90732,2031,1,10
90732,2031,1,11
90732,2031,1,12
90732,2032,1,1
90732,2032,1,2
90732,2032,1,3
90732,2032,1,4
90732,2032,1,5
90732,2032,1,6
90732,2032,1,7
90732,2032,1,8
90732,2032,1,9
90732,2032,1,10
90732,2032,1,11
90732,2032,1,12
90732,2033,1,1
90732,2033,1,2
90732,2033,1,3
90732,2033,1,4
90732,2033,1,5
90732,2033,1,6
90732,2033,1,7
90732,2033,1,8
90732,2033,1,9
90732,2033,1,10
90732,2033,1,11
90732,2033,1,12
90272,2023,1,1
90272,2023,1,2
90272,2023,1,3
90272,2023,1,4
90272,2023,1,5
90272,2023,1,6
90272,2023,1,7
90272,2023,1,8
90272,2023,1,9
90272,2023,1,10
90272,2023,1,11
90272,2023,1,12
90272,2024,1,1
90272,2024,1,2
90272,2024,1,3
90272,2024,1,4
90272,2024,1,5
90272,2024,1,6
90272,2024,1,7
90272,2024,1,8
90272,2024,1,9
90272,2024,1,10
90272,2024,1,11
90272,2024,1,12
90272,2025,1,1
90272,2025,1,2
90272,2025,1,3
90272,2025,1,4
90272,2025,1,5
90272,2025,1,6
90272,2025,1,7
90272,2025,1,8
90272,2025,1,9
90272,2025,1,10
90272,2025,1,11
90272,2025,1,12
90272,2026,1,1
90272,2026,1,2
90272,2026,1,3
90272,2026,1,4
90272,2026,1,5
90272,2026,1,6
90272,2026,1,7
90272,2026,1,8
90272,2026,1,9
90272,2026,1,10
90272,2026,1,11
90272,2026,1,12
90272,2027,1,1
90272,2027,1,2
90272,2027,1,3
90272,2027,1,4
90272,2027,1,5
90272,2027,1,6
90272,2027,1,7
90272,2027,1,8
90272,2027,1,9
90272,2027,1,10
90272,2027,1,11
90272,2027,1,12
90272,2028,1,1
90272,2028,1,2
90272,2028,1,3
90272,2028,1,4
90272,2028,1,5
90272,2028,1,6
90272,2028,1,7
90272,2028,1,8
90272,2028,1,9
90272,2028,1,10
90272,2028,1,11
90272,2028,1,12
90272,2029,1,1
90272,2029,1,2
90272,2029,1,3
90272,2029,1,4
90272,2029,1,5
90272,2029,1,6
90272,2029,1,7
90272,2029,1,8
90272,2029,1,9
90272,2029,1,10
90272,2029,1,11
90272,2029,1,12
90272,2030,1,1
90272,2030,1,2
90272,2030,1,3
90272,2030,1,4
90272,2030,1,5
90272,2030,1,6
90272,2030,1,7
90272,2030,1,8
90272,2030,1,9
90272,2030,1,10
90272,2030,1,11
90272,2030,1,12
90272,2031,1,1
90272,2031,1,2
90272,2031,1,3
90272,2031,1,4
90272,2031,1,5
90272,2031,1,6
90272,2031,1,7
90272,2031,1,8
90272,2031,1,9
90272,2031,1,10
90272,2031,1,11
90272,2031,1,12
90272,2032,1,1
90272,2032,1,2
90272,2032,1,3
90272,2032,1,4
90272,2032,1,5
90272,2032,1,6
90272,2032,1,7
90272,2032,1,8
90272,2032,1,9
90272,2032,1,10
90272,2032,1,11
90272,2032,1,12
90272,2033,1,1
90272,2033,1,2
90272,2033,1,3
90272,2033,1,4
90272,2033,1,5
90272,2033,1,6
90272,2033,1,7
90272,2033,1,8
90272,2033,1,9
90272,2033,1,10
90272,2033,1,11
90272,2033,1,12
91040,2023,1,1
91040,2023,1,2
91040,2023,1,3
91040,2023,1,4
91040,2023,1,5
91040,2023,1,6
91040,2023,1,7
91040,2023,1,8
91040,2023,1,9
91040,2023,1,10
91040,2023,1,11
91040,2023,1,12
91040,2024,1,1
91040,2024,1,2
91040,2024,1,3
91040,2024,1,4
91040,2024,1,5
91040,2024,1,6
91040,2024,1,7
91040,2024,1,8
91040,2024,1,9
91040,2024,1,10
91040,2024,1,11
91040,2024,1,12
91040,2025,1,1
91040,2025,1,2
91040,2025,1,3
91040,2025,1,4
91040,2025,1,5
91040,2025,1,6
91040,2025,1,7
91040,2025,1,8
91040,2025,1,9
91040,2025,1,10
91040,2025,1,11
91040,2025,1,12
91040,2026,1,1
91040,2026,1,2
91040,2026,1,3
91040,2026,1,4
91040,2026,1,5
91040,2026,1,6
91040,2026,1,7
91040,2026,1,8
91040,2026,1,9
91040,2026,1,10
91040,2026,1,11
91040,2026,1,12
91040,2027,1,1
91040,2027,1,2
91040,2027,1,3
91040,2027,1,4
91040,2027,1,5
91040,2027,1,6
91040,2027,1,7
91040,2027,1,8
91040,2027,1,9
91040,2027,1,10
91040,2027,1,11
91040,2027,1,12
91040,2028,1,1
91040,2028,1,2
91040,2028,1,3
91040,2028,1,4
91040,2028,1,5
91040,2028,1,6
91040,2028,1,7
91040,2028,1,8
91040,2028,1,9
91040,2028,1,10
91040,2028,1,11
91040,2028,1,12
91040,2029,1,1
91040,2029,1,2
91040,2029,1,3
91040,2029,1,4
91040,2029,1,5
91040,2029,1,6
91040,2029,1,7
91040,2029,1,8
91040,2029,1,9
91040,2029,1,10
91040,2029,1,11
91040,2029,1,12
91040,2030,1,1
91040,2030,1,2
91040,2030,1,3
91040,2030,1,4
91040,2030,1,5
91040,2030,1,6
91040,2030,1,7
91040,2030,1,8
91040,2030,1,9
91040,2030,1,10
91040,2030,1,11
91040,2030,1,12
91040,2031,1,1
91040,2031,1,2
91040,2031,1,3
91040,2031,1,4
91040,2031,1,5
91040,2031,1,6
91040,2031,1,7
91040,2031,1,8
91040,2031,1,9
91040,2031,1,10
91040,2031,1,11
91040,2031,1,12
91040,2032,1,1
91040,2032,1,2
91040,2032,1,3
91040,2032,1,4
91040,2032,1,5
91040,2032,1,6
91040,2032,1,7
91040,2032,1,8
91040,2032,1,9
91040,2032,1,10
91040,2032,1,11
91040,2032,1,12
91040,2033,1,1
91040,2033,1,2
91040,2033,1,3
91040,2033,1,4
91040,2033,1,5
91040,2033,1,6
91040,2033,1,7
91040,2033,1,8
91040,2033,1,9
91040,2033,1,10
91040,2033,1,11
91040,2033,1,12
90068,2023,1,1
90068,2023,1,2
90068,2023,1,3
90068,2023,1,4
90068,2023,1,5
90068,2023,1,6
90068,2023,1,7
90068,2023,1,8
90068,2023,1,9
90068,2023,1,10
90068,2023,1,11
90068,2023,1,12
90068,2024,1,1
90068,2024,1,2
90068,2024,1,3
90068,2024,1,4
90068,2024,1,5
90068,2024,1,6
90068,2024,1,7
90068,2024,1,8
90068,2024,1,9
90068,2024,1,10
90068,2024,1,11
90068,2024,1,12
90068,2025,1,1
90068,2025,1,2
90068,2025,1,3
90068,2025,1,4
90068,2025,1,5
90068,2025,1,6
90068,2025,1,7
90068,2025,1,8
90068,2025,1,9
90068,2025,1,10
90068,2025,1,11
90068,2025,1,12
90068,2026,1,1
90068,2026,1,2
90068,2026,1,3
90068,2026,1,4
90068,2026,1,5
90068,2026,1,6
90068,2026,1,7
90068,2026,1,8
90068,2026,1,9
90068,2026,1,10
90068,2026,1,11
90068,2026,1,12
90068,2027,1,1
90068,2027,1,2
90068,2027,1,3
90068,2027,1,4
90068,2027,1,5
90068,2027,1,6
90068,2027,1,7
90068,2027,1,8
90068,2027,1,9
90068,2027,1,10
90068,2027,1,11
90068,2027,1,12
90068,2028,1,1
90068,2028,1,2
90068,2028,1,3
90068,2028,1,4
90068,2028,1,5
90068,2028,1,6
90068,2028,1,7
90068,2028,1,8
90068,2028,1,9
90068,2028,1,10
90068,2028,1,11
90068,2028,1,12
90068,2029,1,1
90068,2029,1,2
90068,2029,1,3
90068,2029,1,4
90068,2029,1,5
90068,2029,1,6
90068,2029,1,7
90068,2029,1,8
90068,2029,1,9
90068,2029,1,10
90068,2029,1,11
90068,2029,1,12
90068,2030,1,1
90068,2030,1,2
90068,2030,1,3
90068,2030,1,4
90068,2030,1,5
90068,2030,1,6
90068,2030,1,7
90068,2030,1,8
90068,2030,1,9
90068,2030,1,10
90068,2030,1,11
90068,2030,1,12
90068,2031,1,1
90068,2031,1,2
90068,2031,1,3
90068,2031,1,4
90068,2031,1,5
90068,2031,1,6
90068,2031,1,7
90068,2031,1,8
90068,2031,1,9
90068,2031,1,10
90068,2031,1,11
90068,2031,1,12
90068,2032,1,1
90068,2032,1,2
90068,2032,1,3
90068,2032,1,4
90068,2032,1,5
90068,2032,1,6
90068,2032,1,7
90068,2032,1,8
90068,2032,1,9
90068,2032,1,10
90068,2032,1,11
90068,2032,1,12
90068,2033,1,1
90068,2033,1,2
90068,2033,1,3
90068,2033,1,4
90068,2033,1,5
90068,2033,1,6
90068,2033,1,7
90068,2033,1,8
90068,2033,1,9
90068,2033,1,10
90068,2033,1,11
90068,2033,1,12
91602,2023,1,1
91602,2023,1,2
91602,2023,1,3
91602,2023,1,4
91602,2023,1,5
91602,2023,1,6
91602,2023,1,7
91602,2023,1,8
91602,2023,1,9
91602,2023,1,10
91602,2023,1,11
91602,2023,1,12
91602,2024,1,1
91602,2024,1,2
91602,2024,1,3
91602,2024,1,4
91602,2024,1,5
91602,2024,1,6
91602,2024,1,7
91602,2024,1,8
91602,2024,1,9
91602,2024,1,10
91602,2024,1,11
91602,2024,1,12
91602,2025,1,1
91602,2025,1,2
91602,2025,1,3
91602,2025,1,4
91602,2025,1,5
91602,2025,1,6
91602,2025,1,7
91602,2025,1,8
91602,2025,1,9
91602,2025,1,10
91602,2025,1,11
91602,2025,1,12
91602,2026,1,1
91602,2026,1,2
91602,2026,1,3
91602,2026,1,4
91602,2026,1,5
91602,2026,1,6
91602,2026,1,7
91602,2026,1,8
91602,2026,1,9
91602,2026,1,10
91602,2026,1,11
91602,2026,1,12
91602,2027,1,1
91602,2027,1,2
91602,2027,1,3
91602,2027,1,4
91602,2027,1,5
91602,2027,1,6
91602,2027,1,7
91602,2027,1,8
91602,2027,1,9
91602,2027,1,10
91602,2027,1,11
91602,2027,1,12
91602,2028,1,1
91602,2028,1,2
91602,2028,1,3
91602,2028,1,4
91602,2028,1,5
91602,2028,1,6
91602,2028,1,7
91602,2028,1,8
91602,2028,1,9
91602,2028,1,10
91602,2028,1,11
91602,2028,1,12
91602,2029,1,1
91602,2029,1,2
91602,2029,1,3
91602,2029,1,4
91602,2029,1,5
91602,2029,1,6
91602,2029,1,7
91602,2029,1,8
91602,2029,1,9
91602,2029,1,10
91602,2029,1,11
91602,2029,1,12
91602,2030,1,1
91602,2030,1,2
91602,2030,1,3
91602,2030,1,4
91602,2030,1,5
91602,2030,1,6
91602,2030,1,7
91602,2030,1,8
91602,2030,1,9
91602,2030,1,10
91602,2030,1,11
91602,2030,1,12
91602,2031,1,1
91602,2031,1,2
91602,2031,1,3
91602,2031,1,4
91602,2031,1,5
91602,2031,1,6
91602,2031,1,7
91602,2031,1,8
91602,2031,1,9
91602,2031,1,10
91602,2031,1,11
91602,2031,1,12
91602,2032,1,1
91602,2032,1,2
91602,2032,1,3
91602,2032,1,4
91602,2032,1,5
91602,2032,1,6
91602,2032,1,7
91602,2032,1,8
91602,2032,1,9
91602,2032,1,10
91602,2032,1,11
91602,2032,1,12
91602,2033,1,1
91602,2033,1,2
91602,2033,1,3
91602,2033,1,4
91602,2033,1,5
91602,2033,1,6
91602,2033,1,7
91602,2033,1,8
91602,2033,1,9
91602,2033,1,10
91602,2033,1,11
91602,2033,1,12
91345,2023,1,1
91345,2023,1,2
91345,2023,1,3
91345,2023,1,4
91345,2023,1,5
91345,2023,1,6
91345,2023,1,7
91345,2023,1,8
91345,2023,1,9
91345,2023,1,10
91345,2023,1,11
91345,2023,1,12
91345,2024,1,1
91345,2024,1,2
91345,2024,1,3
91345,2024,1,4
91345,2024,1,5
91345,2024,1,6
91345,2024,1,7
91345,2024,1,8
91345,2024,1,9
91345,2024,1,10
91345,2024,1,11
91345,2024,1,12
91345,2025,1,1
91345,2025,1,2
91345,2025,1,3
91345,2025,1,4
91345,2025,1,5
91345,2025,1,6
91345,2025,1,7
91345,2025,1,8
91345,2025,1,9
91345,2025,1,10
91345,2025,1,11
91345,2025,1,12
91345,2026,1,1
91345,2026,1,2
91345,2026,1,3
91345,2026,1,4
91345,2026,1,5
91345,2026,1,6
91345,2026,1,7
91345,2026,1,8
91345,2026,1,9
91345,2026,1,10
91345,2026,1,11
91345,2026,1,12
91345,2027,1,1
91345,2027,1,2
91345,2027,1,3
91345,2027,1,4
91345,2027,1,5
91345,2027,1,6
91345,2027,1,7
91345,2027,1,8
91345,2027,1,9
91345,2027,1,10
91345,2027,1,11
91345,2027,1,12
91345,2028,1,1
91345,2028,1,2
91345,2028,1,3
91345,2028,1,4
91345,2028,1,5
91345,2028,1,6
91345,2028,1,7
91345,2028,1,8
91345,2028,1,9
91345,2028,1,10
91345,2028,1,11
91345,2028,1,12
91345,2029,1,1
91345,2029,1,2
91345,2029,1,3
91345,2029,1,4
91345,2029,1,5
91345,2029,1,6
91345,2029,1,7
91345,2029,1,8
91345,2029,1,9
91345,2029,1,10
91345,2029,1,11
91345,2029,1,12
91345,2030,1,1
91345,2030,1,2
91345,2030,1,3
91345,2030,1,4
91345,2030,1,5
91345,2030,1,6
91345,2030,1,7
91345,2030,1,8
91345,2030,1,9
91345,2030,1,10
91345,2030,1,11
91345,2030,1,12
91345,2031,1,1
91345,2031,1,2
91345,2031,1,3
91345,2031,1,4
91345,2031,1,5
91345,2031,1,6
91345,2031,1,7
91345,2031,1,8
91345,2031,1,9
91345,2031,1,10
91345,2031,1,11
91345,2031,1,12
91345,2032,1,1
91345,2032,1,2
91345,2032,1,3
91345,2032,1,4
91345,2032,1,5
91345,2032,1,6
91345,2032,1,7
91345,2032,1,8
91345,2032,1,9
91345,2032,1,10
91345,2032,1,11
91345,2032,1,12
91345,2033,1,1
91345,2033,1,2
91345,2033,1,3
91345,2033,1,4
91345,2033,1,5
91345,2033,1,6
91345,2033,1,7
91345,2033,1,8
91345,2033,1,9
91345,2033,1,10
91345,2033,1,11
91345,2033,1,12
91436,2023,1,1
91436,2023,1,2
91436,2023,1,3
91436,2023,1,4
91436,2023,1,5
91436,2023,1,6
91436,2023,1,7
91436,2023,1,8
91436,2023,1,9
91436,2023,1,10
91436,2023,1,11
91436,2023,1,12
91436,2024,1,1
91436,2024,1,2
91436,2024,1,3
91436,2024,1,4
91436,2024,1,5
91436,2024,1,6
91436,2024,1,7
91436,2024,1,8
91436,2024,1,9
91436,2024,1,10
91436,2024,1,11
91436,2024,1,12
91436,2025,1,1
91436,2025,1,2
91436,2025,1,3
91436,2025,1,4
91436,2025,1,5
91436,2025,1,6
91436,2025,1,7
91436,2025,1,8
91436,2025,1,9
91436,2025,1,10
91436,2025,1,11
91436,2025,1,12
91436,2026,1,1
91436,2026,1,2
91436,2026,1,3
91436,2026,1,4
91436,2026,1,5
91436,2026,1,6
91436,2026,1,7
91436,2026,1,8
91436,2026,1,9
91436,2026,1,10
91436,2026,1,11
91436,2026,1,12
91436,2027,1,1
91436,2027,1,2
91436,2027,1,3
91436,2027,1,4
91436,2027,1,5
91436,2027,1,6
91436,2027,1,7
91436,2027,1,8
91436,2027,1,9
91436,2027,1,10
91436,2027,1,11
91436,2027,1,12
91436,2028,1,1
91436,2028,1,2
91436,2028,1,3
91436,2028,1,4
91436,2028,1,5
91436,2028,1,6
91436,2028,1,7
91436,2028,1,8
91436,2028,1,9
91436,2028,1,10
91436,2028,1,11
91436,2028,1,12
91436,2029,1,1
91436,2029,1,2
91436,2029,1,3
91436,2029,1,4
91436,2029,1,5
91436,2029,1,6
91436,2029,1,7
91436,2029,1,8
91436,2029,1,9
91436,2029,1,10
91436,2029,1,11
91436,2029,1,12
91436,2030,1,1
91436,2030,1,2
91436,2030,1,3
91436,2030,1,4
91436,2030,1,5
91436,2030,1,6
91436,2030,1,7
91436,2030,1,8
91436,2030,1,9
91436,2030,1,10
91436,2030,1,11
91436,2030,1,12
91436,2031,1,1
91436,2031,1,2
91436,2031,1,3
91436,2031,1,4
91436,2031,1,5
91436,2031,1,6
91436,2031,1,7
91436,2031,1,8
91436,2031,1,9
91436,2031,1,10
91436,2031,1,11
91436,2031,1,12
91436,2032,1,1
91436,2032,1,2
91436,2032,1,3
91436,2032,1,4
91436,2032,1,5
91436,2032,1,6
91436,2032,1,7
91436,2032,1,8
91436,2032,1,9
91436,2032,1,10
91436,2032,1,11
91436,2032,1,12
91436,2033,1,1
91436,2033,1,2
91436,2033,1,3
91436,2033,1,4
91436,2033,1,5
91436,2033,1,6
91436,2033,1,7
91436,2033,1,8
91436,2033,1,9
91436,2033,1,10
91436,2033,1,11
91436,2033,1,12
90293,2023,1,1
90293,2023,1,2
90293,2023,1,3
90293,2023,1,4
90293,2023,1,5
90293,2023,1,6
90293,2023,1,7
90293,2023,1,8
90293,2023,1,9
90293,2023,1,10
90293,2023,1,11
90293,2023,1,12
90293,2024,1,1
90293,2024,1,2
90293,2024,1,3
90293,2024,1,4
90293,2024,1,5
90293,2024,1,6
90293,2024,1,7
90293,2024,1,8
90293,2024,1,9
90293,2024,1,10
90293,2024,1,11
90293,2024,1,12
90293,2025,1,1
90293,2025,1,2
90293,2025,1,3
90293,2025,1,4
90293,2025,1,5
90293,2025,1,6
90293,2025,1,7
90293,2025,1,8
90293,2025,1,9
90293,2025,1,10
90293,2025,1,11
90293,2025,1,12
90293,2026,1,1
90293,2026,1,2
90293,2026,1,3
90293,2026,1,4
90293,2026,1,5
90293,2026,1,6
90293,2026,1,7
90293,2026,1,8
90293,2026,1,9
90293,2026,1,10
90293,2026,1,11
90293,2026,1,12
90293,2027,1,1
90293,2027,1,2
90293,2027,1,3
90293,2027,1,4
90293,2027,1,5
90293,2027,1,6
90293,2027,1,7
90293,2027,1,8
90293,2027,1,9
90293,2027,1,10
90293,2027,1,11
90293,2027,1,12
90293,2028,1,1
90293,2028,1,2
90293,2028,1,3
90293,2028,1,4
90293,2028,1,5
90293,2028,1,6
90293,2028,1,7
90293,2028,1,8
90293,2028,1,9
90293,2028,1,10
90293,2028,1,11
90293,2028,1,12
90293,2029,1,1
90293,2029,1,2
90293,2029,1,3
90293,2029,1,4
90293,2029,1,5
90293,2029,1,6
90293,2029,1,7
90293,2029,1,8
90293,2029,1,9
90293,2029,1,10
90293,2029,1,11
90293,2029,1,12
90293,2030,1,1
90293,2030,1,2
90293,2030,1,3
90293,2030,1,4
90293,2030,1,5
90293,2030,1,6
90293,2030,1,7
90293,2030,1,8
90293,2030,1,9
90293,2030,1,10
90293,2030,1,11
90293,2030,1,12
90293,2031,1,1
90293,2031,1,2
90293,2031,1,3
90293,2031,1,4
90293,2031,1,5
90293,2031,1,6
90293,2031,1,7
90293,2031,1,8
90293,2031,1,9
90293,2031,1,10
90293,2031,1,11
90293,2031,1,12
90293,2032,1,1
90293,2032,1,2
90293,2032,1,3
90293,2032,1,4
90293,2032,1,5
90293,2032,1,6
90293,2032,1,7
90293,2032,1,8
90293,2032,1,9
90293,2032,1,10
90293,2032,1,11
90293,2032,1,12
90293,2033,1,1
90293,2033,1,2
90293,2033,1,3
90293,2033,1,4
90293,2033,1,5
90293,2033,1,6
90293,2033,1,7
90293,2033,1,8
90293,2033,1,9
90293,2033,1,10
90293,2033,1,11
90293,2033,1,12
90077,2023,1,1
90077,2023,1,2
90077,2023,1,3
90077,2023,1,4
90077,2023,1,5
90077,2023,1,6
90077,2023,1,7
90077,2023,1,8
90077,2023,1,9
90077,2023,1,10
90077,2023,1,11
90077,2023,1,12
90077,2024,1,1
90077,2024,1,2
90077,2024,1,3
90077,2024,1,4
90077,2024,1,5
90077,2024,1,6
90077,2024,1,7
90077,2024,1,8
90077,2024,1,9
90077,2024,1,10
90077,2024,1,11
90077,2024,1,12
90077,2025,1,1
90077,2025,1,2
90077,2025,1,3
90077,2025,1,4
90077,2025,1,5
90077,2025,1,6
90077,2025,1,7
90077,2025,1,8
90077,2025,1,9
90077,2025,1,10
90077,2025,1,11
90077,2025,1,12
90077,2026,1,1
90077,2026,1,2
90077,2026,1,3
90077,2026,1,4
90077,2026,1,5
90077,2026,1,6
90077,2026,1,7
90077,2026,1,8
90077,2026,1,9
90077,2026,1,10
90077,2026,1,11
90077,2026,1,12
90077,2027,1,1
90077,2027,1,2
90077,2027,1,3
90077,2027,1,4
90077,2027,1,5
90077,2027,1,6
90077,2027,1,7
90077,2027,1,8
90077,2027,1,9
90077,2027,1,10
90077,2027,1,11
90077,2027,1,12
90077,2028,1,1
90077,2028,1,2
90077,2028,1,3
90077,2028,1,4
90077,2028,1,5
90077,2028,1,6
90077,2028,1,7
90077,2028,1,8
90077,2028,1,9
90077,2028,1,10
90077,2028,1,11
90077,2028,1,12
90077,2029,1,1
90077,2029,1,2
90077,2029,1,3
90077,2029,1,4
90077,2029,1,5
90077,2029,1,6
90077,2029,1,7
90077,2029,1,8
90077,2029,1,9
90077,2029,1,10
90077,2029,1,11
90077,2029,1,12
90077,2030,1,1
90077,2030,1,2
90077,2030,1,3
90077,2030,1,4
90077,2030,1,5
90077,2030,1,6
90077,2030,1,7
90077,2030,1,8
90077,2030,1,9
90077,2030,1,10
90077,2030,1,11
90077,2030,1,12
90077,2031,1,1
90077,2031,1,2
90077,2031,1,3
90077,2031,1,4
90077,2031,1,5
90077,2031,1,6
90077,2031,1,7
90077,2031,1,8
90077,2031,1,9
90077,2031,1,10
90077,2031,1,11
90077,2031,1,12
90077,2032,1,1
90077,2032,1,2
90077,2032,1,3
90077,2032,1,4
90077,2032,1,5
90077,2032,1,6
90077,2032,1,7
90077,2032,1,8
90077,2032,1,9
90077,2032,1,10
90077,2032,1,11
90077,2032,1,12
90077,2033,1,1
90077,2033,1,2
90077,2033,1,3
90077,2033,1,4
90077,2033,1,5
90077,2033,1,6
90077,2033,1,7
90077,2033,1,8
90077,2033,1,9
90077,2033,1,10
90077,2033,1,11
90077,2033,1,12
90058,2023,1,1
90058,2023,1,2
90058,2023,1,3
90058,2023,1,4
90058,2023,1,5
90058,2023,1,6
90058,2023,1,7
90058,2023,1,8
90058,2023,1,9
90058,2023,1,10
90058,2023,1,11
90058,2023,1,12
90058,2024,1,1
90058,2024,1,2
90058,2024,1,3
90058,2024,1,4
90058,2024,1,5
90058,2024,1,6
90058,2024,1,7
90058,2024,1,8
90058,2024,1,9
90058,2024,1,10
90058,2024,1,11
90058,2024,1,12
90058,2025,1,1
90058,2025,1,2
90058,2025,1,3
90058,2025,1,4
90058,2025,1,5
90058,2025,1,6
90058,2025,1,7
90058,2025,1,8
90058,2025,1,9
90058,2025,1,10
90058,2025,1,11
90058,2025,1,12
90058,2026,1,1
90058,2026,1,2
90058,2026,1,3
90058,2026,1,4
90058,2026,1,5
90058,2026,1,6
90058,2026,1,7
90058,2026,1,8
90058,2026,1,9
90058,2026,1,10
90058,2026,1,11
90058,2026,1,12
90058,2027,1,1
90058,2027,1,2
90058,2027,1,3
90058,2027,1,4
90058,2027,1,5
90058,2027,1,6
90058,2027,1,7
90058,2027,1,8
90058,2027,1,9
90058,2027,1,10
90058,2027,1,11
90058,2027,1,12
90058,2028,1,1
90058,2028,1,2
90058,2028,1,3
90058,2028,1,4
90058,2028,1,5
90058,2028,1,6
90058,2028,1,7
90058,2028,1,8
90058,2028,1,9
90058,2028,1,10
90058,2028,1,11
90058,2028,1,12
90058,2029,1,1
90058,2029,1,2
90058,2029,1,3
90058,2029,1,4
90058,2029,1,5
90058,2029,1,6
90058,2029,1,7
90058,2029,1,8
90058,2029,1,9
90058,2029,1,10
90058,2029,1,11
90058,2029,1,12
90058,2030,1,1
90058,2030,1,2
90058,2030,1,3
90058,2030,1,4
90058,2030,1,5
90058,2030,1,6
90058,2030,1,7
90058,2030,1,8
90058,2030,1,9
90058,2030,1,10
90058,2030,1,11
90058,2030,1,12
90058,2031,1,1
90058,2031,1,2
90058,2031,1,3
90058,2031,1,4
90058,2031,1,5
90058,2031,1,6
90058,2031,1,7
90058,2031,1,8
90058,2031,1,9
90058,2031,1,10
90058,2031,1,11
90058,2031,1,12
90058,2032,1,1
90058,2032,1,2
90058,2032,1,3
90058,2032,1,4
90058,2032,1,5
90058,2032,1,6
90058,2032,1,7
90058,2032,1,8
90058,2032,1,9
90058,2032,1,10
90058,2032,1,11
90058,2032,1,12
90058,2033,1,1
90058,2033,1,2
90058,2033,1,3
90058,2033,1,4
90058,2033,1,5
90058,2033,1,6
90058,2033,1,7
90058,2033,1,8
90058,2033,1,9
90058,2033,1,10
90058,2033,1,11
90058,2033,1,12
90011,2023,1,1
90011,2023,1,2
90011,2023,1,3
90011,2023,1,4
90011,2023,1,5
90011,2023,1,6
90011,2023,1,7
90011,2023,1,8
90011,2023,1,9
90011,2023,1,10
90011,2023,1,11
90011,2023,1,12
90011,2024,1,1
90011,2024,1,2
90011,2024,1,3
90011,2024,1,4
90011,2024,1,5
90011,2024,1,6
90011,2024,1,7
90011,2024,1,8
90011,2024,1,9
90011,2024,1,10
90011,2024,1,11
90011,2024,1,12
90011,2025,1,1
90011,2025,1,2
90011,2025,1,3
90011,2025,1,4
90011,2025,1,5
90011,2025,1,6
90011,2025,1,7
90011,2025,1,8
90011,2025,1,9
90011,2025,1,10
90011,2025,1,11
90011,2025,1,12
90011,2026,1,1
90011,2026,1,2
90011,2026,1,3
90011,2026,1,4
90011,2026,1,5
90011,2026,1,6
90011,2026,1,7
90011,2026,1,8
90011,2026,1,9
90011,2026,1,10
90011,2026,1,11
90011,2026,1,12
90011,2027,1,1
90011,2027,1,2
90011,2027,1,3
90011,2027,1,4
90011,2027,1,5
90011,2027,1,6
90011,2027,1,7
90011,2027,1,8
90011,2027,1,9
90011,2027,1,10
90011,2027,1,11
90011,2027,1,12
90011,2028,1,1
90011,2028,1,2
90011,2028,1,3
90011,2028,1,4
90011,2028,1,5
90011,2028,1,6
90011,2028,1,7
90011,2028,1,8
90011,2028,1,9
90011,2028,1,10
90011,2028,1,11
90011,2028,1,12
90011,2029,1,1
90011,2029,1,2
90011,2029,1,3
90011,2029,1,4
90011,2029,1,5
90011,2029,1,6
90011,2029,1,7
90011,2029,1,8
90011,2029,1,9
90011,2029,1,10
90011,2029,1,11
90011,2029,1,12
90011,2030,1,1
90011,2030,1,2
90011,2030,1,3
90011,2030,1,4
90011,2030,1,5
90011,2030,1,6
90011,2030,1,7
90011,2030,1,8
90011,2030,1,9
90011,2030,1,10
90011,2030,1,11
90011,2030,1,12
90011,2031,1,1
90011,2031,1,2
90011,2031,1,3
90011,2031,1,4
90011,2031,1,5
90011,2031,1,6
90011,2031,1,7
90011,2031,1,8
90011,2031,1,9
90011,2031,1,10
90011,2031,1,11
90011,2031,1,12
90011,2032,1,1
90011,2032,1,2
90011,2032,1,3
90011,2032,1,4
90011,2032,1,5
90011,2032,1,6
90011,2032,1,7
90011,2032,1,8
90011,2032,1,9
90011,2032,1,10
90011,2032,1,11
90011,2032,1,12
90011,2033,1,1
90011,2033,1,2
90011,2033,1,3
90011,2033,1,4
90011,2033,1,5
90011,2033,1,6
90011,2033,1,7
90011,2033,1,8
90011,2033,1,9
90011,2033,1,10
90011,2033,1,11
90011,2033,1,12
91331,2023,1,1
91331,2023,1,2
91331,2023,1,3
91331,2023,1,4
91331,2023,1,5
91331,2023,1,6
91331,2023,1,7
91331,2023,1,8
91331,2023,1,9
91331,2023,1,10
91331,2023,1,11
91331,2023,1,12
91331,2024,1,1
91331,2024,1,2
91331,2024,1,3
91331,2024,1,4
91331,2024,1,5
91331,2024,1,6
91331,2024,1,7
91331,2024,1,8
91331,2024,1,9
91331,2024,1,10
91331,2024,1,11
91331,2024,1,12
91331,2025,1,1
91331,2025,1,2
91331,2025,1,3
91331,2025,1,4
91331,2025,1,5
91331,2025,1,6
91331,2025,1,7
91331,2025,1,8
91331,2025,1,9
91331,2025,1,10
91331,2025,1,11
91331,2025,1,12
91331,2026,1,1
91331,2026,1,2
91331,2026,1,3
91331,2026,1,4
91331,2026,1,5
91331,2026,1,6
91331,2026,1,7
91331,2026,1,8
91331,2026,1,9
91331,2026,1,10
91331,2026,1,11
91331,2026,1,12
91331,2027,1,1
91331,2027,1,2
91331,2027,1,3
91331,2027,1,4
91331,2027,1,5
91331,2027,1,6
91331,2027,1,7
91331,2027,1,8
91331,2027,1,9
91331,2027,1,10
91331,2027,1,11
91331,2027,1,12
91331,2028,1,1
91331,2028,1,2
91331,2028,1,3
91331,2028,1,4
91331,2028,1,5
91331,2028,1,6
91331,2028,1,7
91331,2028,1,8
91331,2028,1,9
91331,2028,1,10
91331,2028,1,11
91331,2028,1,12
91331,2029,1,1
91331,2029,1,2
91331,2029,1,3
91331,2029,1,4
91331,2029,1,5
91331,2029,1,6
91331,2029,1,7
91331,2029,1,8
91331,2029,1,9
91331,2029,1,10
91331,2029,1,11
91331,2029,1,12
91331,2030,1,1
91331,2030,1,2
91331,2030,1,3
91331,2030,1,4
91331,2030,1,5
91331,2030,1,6
91331,2030,1,7
91331,2030,1,8
91331,2030,1,9
91331,2030,1,10
91331,2030,1,11
91331,2030,1,12
91331,2031,1,1
91331,2031,1,2
91331,2031,1,3
91331,2031,1,4
91331,2031,1,5
91331,2031,1,6
91331,2031,1,7
91331,2031,1,8
91331,2031,1,9
91331,2031,1,10
91331,2031,1,11
91331,2031,1,12
91331,2032,1,1
91331,2032,1,2
91331,2032,1,3
91331,2032,1,4
91331,2032,1,5
91331,2032,1,6
91331,2032,1,7
91331,2032,1,8
91331,2032,1,9
91331,2032,1,10
91331,2032,1,11
91331,2032,1,12
91331,2033,1,1
91331,2033,1,2
91331,2033,1,3
91331,2033,1,4
91331,2033,1,5
91331,2033,1,6
91331,2033,1,7
91331,2033,1,8
91331,2033,1,9
91331,2033,1,10
91331,2033,1,11
91331,2033,1,12
90044,2023,1,1
90044,2023,1,2
90044,2023,1,3
90044,2023,1,4
90044,2023,1,5
90044,2023,1,6
90044,2023,1,7
90044,2023,1,8
90044,2023,1,9
90044,2023,1,10
90044,2023,1,11
90044,2023,1,12
90044,2024,1,1
90044,2024,1,2
90044,2024,1,3
90044,2024,1,4
90044,2024,1,5
90044,2024,1,6
90044,2024,1,7
90044,2024,1,8
90044,2024,1,9
90044,2024,1,10
90044,2024,1,11
90044,2024,1,12
90044,2025,1,1
90044,2025,1,2
90044,2025,1,3
90044,2025,1,4
90044,2025,1,5
90044,2025,1,6
90044,2025,1,7
90044,2025,1,8
90044,2025,1,9
90044,2025,1,10
90044,2025,1,11
90044,2025,1,12
90044,2026,1,1
90044,2026,1,2
90044,2026,1,3
90044,2026,1,4
90044,2026,1,5
90044,2026,1,6
90044,2026,1,7
90044,2026,1,8
90044,2026,1,9
90044,2026,1,10
90044,2026,1,11
90044,2026,1,12
90044,2027,1,1
90044,2027,1,2
90044,2027,1,3
90044,2027,1,4
90044,2027,1,5
90044,2027,1,6
90044,2027,1,7
90044,2027,1,8
90044,2027,1,9
90044,2027,1,10
90044,2027,1,11
90044,2027,1,12
90044,2028,1,1
90044,2028,1,2
90044,2028,1,3
90044,2028,1,4
90044,2028,1,5
90044,2028,1,6
90044,2028,1,7
90044,2028,1,8
90044,2028,1,9
90044,2028,1,10
90044,2028,1,11
90044,2028,1,12
90044,2029,1,1
90044,2029,1,2
90044,2029,1,3
90044,2029,1,4
90044,2029,1,5
90044,2029,1,6
90044,2029,1,7
90044,2029,1,8
90044,2029,1,9
90044,2029,1,10
90044,2029,1,11
90044,2029,1,12
90044,2030,1,1
90044,2030,1,2
90044,2030,1,3
90044,2030,1,4
90044,2030,1,5
90044,2030,1,6
90044,2030,1,7
90044,2030,1,8
90044,2030,1,9
90044,2030,1,10
90044,2030,1,11
90044,2030,1,12
90044,2031,1,1
90044,2031,1,2
90044,2031,1,3
90044,2031,1,4
90044,2031,1,5
90044,2031,1,6
90044,2031,1,7
90044,2031,1,8
90044,2031,1,9
90044,2031,1,10
90044,2031,1,11
90044,2031,1,12
90044,2032,1,1
90044,2032,1,2
90044,2032,1,3
90044,2032,1,4
90044,2032,1,5
90044,2032,1,6
90044,2032,1,7
90044,2032,1,8
90044,2032,1,9
90044,2032,1,10
90044,2032,1,11
90044,2032,1,12
90044,2033,1,1
90044,2033,1,2
90044,2033,1,3
90044,2033,1,4
90044,2033,1,5
90044,2033,1,6
90044,2033,1,7
90044,2033,1,8
90044,2033,1,9
90044,2033,1,10
90044,2033,1,11
90044,2033,1,12
91342,2023,1,1
91342,2023,1,2
91342,2023,1,3
91342,2023,1,4
91342,2023,1,5
91342,2023,1,6
91342,2023,1,7
91342,2023,1,8
91342,2023,1,9
91342,2023,1,10
91342,2023,1,11
91342,2023,1,12
91342,2024,1,1
91342,2024,1,2
91342,2024,1,3
91342,2024,1,4
91342,2024,1,5
91342,2024,1,6
91342,2024,1,7
91342,2024,1,8
91342,2024,1,9
91342,2024,1,10
91342,2024,1,11
91342,2024,1,12
91342,2025,1,1
91342,2025,1,2
91342,2025,1,3
91342,2025,1,4
91342,2025,1,5
91342,2025,1,6
91342,2025,1,7
91342,2025,1,8
91342,2025,1,9
91342,2025,1,10
91342,2025,1,11
91342,2025,1,12
91342,2026,1,1
91342,2026,1,2
91342,2026,1,3
91342,2026,1,4
91342,2026,1,5
91342,2026,1,6
91342,2026,1,7
91342,2026,1,8
91342,2026,1,9
91342,2026,1,10
91342,2026,1,11
91342,2026,1,12
91342,2027,1,1
91342,2027,1,2
91342,2027,1,3
91342,2027,1,4
91342,2027,1,5
91342,2027,1,6
91342,2027,1,7
91342,2027,1,8
91342,2027,1,9
91342,2027,1,10
91342,2027,1,11
91342,2027,1,12
91342,2028,1,1
91342,2028,1,2
91342,2028,1,3
91342,2028,1,4
91342,2028,1,5
91342,2028,1,6
91342,2028,1,7
91342,2028,1,8
91342,2028,1,9
91342,2028,1,10
91342,2028,1,11
91342,2028,1,12
91342,2029,1,1
91342,2029,1,2
91342,2029,1,3
91342,2029,1,4
91342,2029,1,5
91342,2029,1,6
91342,2029,1,7
91342,2029,1,8
91342,2029,1,9
91342,2029,1,10
91342,2029,1,11
91342,2029,1,12
91342,2030,1,1
91342,2030,1,2
91342,2030,1,3
91342,2030,1,4
91342,2030,1,5
91342,2030,1,6
91342,2030,1,7
91342,2030,1,8
91342,2030,1,9
91342,2030,1,10
91342,2030,1,11
91342,2030,1,12
91342,2031,1,1
91342,2031,1,2
91342,2031,1,3
91342,2031,1,4
91342,2031,1,5
91342,2031,1,6
91342,2031,1,7
91342,2031,1,8
91342,2031,1,9
91342,2031,1,10
91342,2031,1,11
91342,2031,1,12
91342,2032,1,1
91342,2032,1,2
91342,2032,1,3
91342,2032,1,4
91342,2032,1,5
91342,2032,1,6
91342,2032,1,7
91342,2032,1,8
91342,2032,1,9
91342,2032,1,10
91342,2032,1,11
91342,2032,1,12
91342,2033,1,1
91342,2033,1,2
91342,2033,1,3
91342,2033,1,4
91342,2033,1,5
91342,2033,1,6
91342,2033,1,7
91342,2033,1,8
91342,2033,1,9
91342,2033,1,10
91342,2033,1,11
91342,2033,1,12
91335,2023,1,1
91335,2023,1,2
91335,2023,1,3
91335,2023,1,4
91335,2023,1,5
91335,2023,1,6
91335,2023,1,7
91335,2023,1,8
91335,2023,1,9
91335,2023,1,10
91335,2023,1,11
91335,2023,1,12
91335,2024,1,1
91335,2024,1,2
91335,2024,1,3
91335,2024,1,4
91335,2024,1,5
91335,2024,1,6
91335,2024,1,7
91335,2024,1,8
91335,2024,1,9
91335,2024,1,10
91335,2024,1,11
91335,2024,1,12
91335,2025,1,1
91335,2025,1,2
91335,2025,1,3
91335,2025,1,4
91335,2025,1,5
91335,2025,1,6
91335,2025,1,7
91335,2025,1,8
91335,2025,1,9
91335,2025,1,10
91335,2025,1,11
91335,2025,1,12
91335,2026,1,1
91335,2026,1,2
91335,2026,1,3
91335,2026,1,4
91335,2026,1,5
91335,2026,1,6
91335,2026,1,7
91335,2026,1,8
91335,2026,1,9
91335,2026,1,10
91335,2026,1,11
91335,2026,1,12
91335,2027,1,1
91335,2027,1,2
91335,2027,1,3
91335,2027,1,4
91335,2027,1,5
91335,2027,1,6
91335,2027,1,7
91335,2027,1,8
91335,2027,1,9
91335,2027,1,10
91335,2027,1,11
91335,2027,1,12
91335,2028,1,1
91335,2028,1,2
91335,2028,1,3
91335,2028,1,4
91335,2028,1,5
91335,2028,1,6
91335,2028,1,7
91335,2028,1,8
91335,2028,1,9
91335,2028,1,10
91335,2028,1,11
91335,2028,1,12
91335,2029,1,1
91335,2029,1,2
91335,2029,1,3
91335,2029,1,4
91335,2029,1,5
91335,2029,1,6
91335,2029,1,7
91335,2029,1,8
91335,2029,1,9
91335,2029,1,10
91335,2029,1,11
91335,2029,1,12
91335,2030,1,1
91335,2030,1,2
91335,2030,1,3
91335,2030,1,4
91335,2030,1,5
91335,2030,1,6
91335,2030,1,7
91335,2030,1,8
91335,2030,1,9
91335,2030,1,10
91335,2030,1,11
91335,2030,1,12
91335,2031,1,1
91335,2031,1,2
91335,2031,1,3
91335,2031,1,4
91335,2031,1,5
91335,2031,1,6
91335,2031,1,7
91335,2031,1,8
91335,2031,1,9
91335,2031,1,10
91335,2031,1,11
91335,2031,1,12
91335,2032,1,1
91335,2032,1,2
91335,2032,1,3
91335,2032,1,4
91335,2032,1,5
91335,2032,1,6
91335,2032,1,7
91335,2032,1,8
91335,2032,1,9
91335,2032,1,10
91335,2032,1,11
91335,2032,1,12
91335,2033,1,1
91335,2033,1,2
91335,2033,1,3
91335,2033,1,4
91335,2033,1,5
91335,2033,1,6
91335,2033,1,7
91335,2033,1,8
91335,2033,1,9
91335,2033,1,10
91335,2033,1,11
91335,2033,1,12
90003,2023,1,1
90003,2023,1,2
90003,2023,1,3
90003,2023,1,4
90003,2023,1,5
90003,2023,1,6
90003,2023,1,7
90003,2023,1,8
90003,2023,1,9
90003,2023,1,10
90003,2023,1,11
90003,2023,1,12
90003,2024,1,1
90003,2024,1,2
90003,2024,1,3
90003,2024,1,4
90003,2024,1,5
90003,2024,1,6
90003,2024,1,7
90003,2024,1,8
90003,2024,1,9
90003,2024,1,10
90003,2024,1,11
90003,2024,1,12
90003,2025,1,1
90003,2025,1,2
90003,2025,1,3
90003,2025,1,4
90003,2025,1,5
90003,2025,1,6
90003,2025,1,7
90003,2025,1,8
90003,2025,1,9
90003,2025,1,10
90003,2025,1,11
90003,2025,1,12
90003,2026,1,1
90003,2026,1,2
90003,2026,1,3
90003,2026,1,4
90003,2026,1,5
90003,2026,1,6
90003,2026,1,7
90003,2026,1,8
90003,2026,1,9
90003,2026,1,10
90003,2026,1,11
90003,2026,1,12
90003,2027,1,1
90003,2027,1,2
90003,2027,1,3
90003,2027,1,4
90003,2027,1,5
90003,2027,1,6
90003,2027,1,7
90003,2027,1,8
90003,2027,1,9
90003,2027,1,10
90003,2027,1,11
90003,2027,1,12
90003,2028,1,1
90003,2028,1,2
90003,2028,1,3
90003,2028,1,4
90003,2028,1,5
90003,2028,1,6
90003,2028,1,7
90003,2028,1,8
90003,2028,1,9
90003,2028,1,10
90003,2028,1,11
90003,2028,1,12
90003,2029,1,1
90003,2029,1,2
90003,2029,1,3
90003,2029,1,4
90003,2029,1,5
90003,2029,1,6
90003,2029,1,7
90003,2029,1,8
90003,2029,1,9
90003,2029,1,10
90003,2029,1,11
90003,2029,1,12
90003,2030,1,1
90003,2030,1,2
90003,2030,1,3
90003,2030,1,4
90003,2030,1,5
90003,2030,1,6
90003,2030,1,7
90003,2030,1,8
90003,2030,1,9
90003,2030,1,10
90003,2030,1,11
90003,2030,1,12
90003,2031,1,1
90003,2031,1,2
90003,2031,1,3
90003,2031,1,4
90003,2031,1,5
90003,2031,1,6
90003,2031,1,7
90003,2031,1,8
90003,2031,1,9
90003,2031,1,10
90003,2031,1,11
90003,2031,1,12
90003,2032,1,1
90003,2032,1,2
90003,2032,1,3
90003,2032,1,4
90003,2032,1,5
90003,2032,1,6
90003,2032,1,7
90003,2032,1,8
90003,2032,1,9
90003,2032,1,10
90003,2032,1,11
90003,2032,1,12
90003,2033,1,1
90003,2033,1,2
90003,2033,1,3
90003,2033,1,4
90003,2033,1,5
90003,2033,1,6
90003,2033,1,7
90003,2033,1,8
90003,2033,1,9
90003,2033,1,10
90003,2033,1,11
90003,2033,1,12
